{"cameraMode":{"drawMode":0,"name":"Shaded","section":"Shading Mode"},"sceneLighting":false,"audioPlay":false,"sceneViewState":{"m_AlwaysRefresh":false,"showFog":true,"showSkybox":false,"showFlares":true,"showImageEffects":true,"showParticleSystems":true,"showVisualEffectGraphs":true,"m_FxEnabled":true},"in2DMode":false,"pivot":{"x":-0.17140041291713715,"y":0.007171861827373505,"z":-0.0003935098648071289},"rotation":{"x":0.0022896970622241499,"y":-0.9741490483283997,"z":0.22635094821453095,"w":0.009656155481934548},"size":0.7767341732978821,"orthographic":false}